{
  "equity": 94.55403305465344,
  "equity_curve": [
    102.84273049414988,
    102.84273049414988,
    102.84273049414988,
    102.84273049414988,
    102.84273049414988,
    102.84273049414988,
    102.84273049414988,
    102.84273049414988,
    102.84273049414988,
    102.84273049414988,
    102.84273049414988,
    102.84273049414988,
    102.84273049414988,
    102.84273049414988,
    102.84273049414988,
    102.84273049414988,
    102.84273049414988,
    102.84273049414988,
    102.84273049414988,
    102.84273049414988,
    102.84273049414988,
    102.84273049414988,
    102.84273049414988,
    102.32579931361678,
    102.32579931361678,
    102.32579931361678,
    102.32579931361678,
    101.8988145775299,
    101.8988145775299,
    101.8988145775299,
    101.8988145775299,
    101.8988145775299,
    101.8988145775299,
    101.8988145775299,
    101.8988145775299,
    101.8988145775299,
    101.8988145775299,
    101.8988145775299,
    101.8988145775299,
    101.8988145775299,
    101.8988145775299,
    101.8988145775299,
    101.8988145775299,
    101.8988145775299,
    101.8988145775299,
    101.8988145775299,
    101.8988145775299,
    101.8988145775299,
    101.8988145775299,
    101.8988145775299,
    101.8988145775299,
    101.8988145775299,
    101.8988145775299,
    101.8988145775299,
    101.8988145775299,
    101.8988145775299,
    101.8988145775299,
    101.8988145775299,
    101.8988145775299,
    101.8988145775299,
    101.8988145775299,
    101.8988145775299,
    101.8988145775299,
    101.8988145775299,
    101.8988145775299,
    101.8988145775299,
    101.8988145775299,
    101.8988145775299,
    101.8988145775299,
    101.8988145775299,
    101.8988145775299,
    101.8988145775299,
    101.8988145775299,
    101.8988145775299,
    101.8988145775299,
    101.8988145775299,
    101.8988145775299,
    101.8988145775299,
    101.8988145775299,
    101.8988145775299,
    101.8988145775299,
    101.8988145775299,
    101.8988145775299,
    101.8988145775299,
    101.8988145775299,
    101.8988145775299,
    101.8988145775299,
    101.8988145775299,
    101.8988145775299,
    101.8988145775299,
    100.99399093440908,
    100.99399093440908,
    100.99399093440908,
    100.99399093440908,
    100.99399093440908,
    100.99399093440908,
    100.99399093440908,
    100.99399093440908,
    100.99399093440908,
    100.99399093440908,
    100.99399093440908,
    100.99399093440908,
    100.99399093440908,
    100.99399093440908,
    100.99399093440908,
    100.99399093440908,
    100.99399093440908,
    100.99399093440908,
    100.99399093440908,
    100.99399093440908,
    100.99399093440908,
    100.99399093440908,
    100.99399093440908,
    100.99399093440908,
    100.99399093440908,
    100.99399093440908,
    100.99399093440908,
    100.99399093440908,
    100.99399093440908,
    100.99399093440908,
    100.99399093440908,
    100.99399093440908,
    100.99399093440908,
    100.99399093440908,
    100.99399093440908,
    100.99399093440908,
    100.99399093440908,
    100.99399093440908,
    100.99399093440908,
    100.99399093440908,
    100.99399093440908,
    100.99399093440908,
    100.99399093440908,
    100.99399093440908,
    100.99399093440908,
    100.99399093440908,
    100.99399093440908,
    100.99399093440908,
    100.99399093440908,
    100.99399093440908,
    100.99399093440908,
    100.99399093440908,
    100.99399093440908,
    100.99399093440908,
    100.99399093440908,
    100.99399093440908,
    100.99399093440908,
    100.99399093440908,
    100.99399093440908,
    100.99399093440908,
    100.99399093440908,
    100.99399093440908,
    100.99399093440908,
    100.99399093440908,
    100.99399093440908,
    100.99399093440908,
    100.99399093440908,
    100.99399093440908,
    100.99399093440908,
    100.99399093440908,
    100.99399093440908,
    100.99399093440908,
    100.99399093440908,
    100.99399093440908,
    100.99399093440908,
    100.99399093440908,
    100.99399093440908,
    100.99399093440908,
    100.99399093440908,
    100.99399093440908,
    100.99399093440908,
    100.99399093440908,
    100.99399093440908,
    100.99399093440908,
    100.99399093440908,
    100.99399093440908,
    100.99399093440908,
    100.99399093440908,
    100.99399093440908,
    100.99399093440908,
    100.99399093440908,
    101.19117119571195,
    101.19117119571195,
    101.19117119571195,
    98.2591545392951,
    95.17077483386713,
    95.17077483386713,
    94.720890552975,
    94.1515620459719,
    94.1515620459719,
    93.53575387715928,
    93.53575387715928,
    93.53575387715928,
    93.53575387715928,
    93.53575387715928,
    93.53575387715928,
    93.53575387715928,
    93.53575387715928,
    93.53575387715928,
    93.53575387715928,
    93.53575387715928,
    93.53575387715928,
    93.53575387715928,
    93.53575387715928,
    93.53575387715928,
    93.53575387715928,
    93.53575387715928,
    93.53575387715928,
    93.53575387715928,
    93.53575387715928,
    93.53575387715928,
    93.53575387715928,
    93.53575387715928,
    93.53575387715928,
    93.53575387715928,
    93.53575387715928,
    93.53575387715928,
    93.53575387715928,
    93.53575387715928,
    93.53575387715928,
    93.53575387715928,
    93.53575387715928,
    93.53575387715928,
    93.53575387715928,
    93.53575387715928,
    93.53575387715928,
    93.53575387715928,
    93.53575387715928,
    93.53575387715928,
    93.53575387715928,
    93.53575387715928,
    93.53575387715928,
    93.53575387715928,
    93.53575387715928,
    93.53575387715928,
    93.53575387715928,
    93.53575387715928,
    93.53575387715928,
    93.53575387715928,
    93.53575387715928,
    93.53575387715928,
    93.53575387715928,
    93.53575387715928,
    93.53575387715928,
    93.53575387715928,
    93.53575387715928,
    93.53575387715928,
    93.53575387715928,
    93.53575387715928,
    93.53575387715928,
    93.53575387715928,
    93.53575387715928,
    93.53575387715928,
    93.53575387715928,
    93.53575387715928,
    93.53575387715928,
    93.53575387715928,
    93.53575387715928,
    93.53575387715928,
    93.53575387715928,
    93.53575387715928,
    93.53575387715928,
    93.53575387715928,
    93.53575387715928,
    93.53575387715928,
    93.53575387715928,
    93.53575387715928,
    93.53575387715928,
    93.53575387715928,
    93.53575387715928,
    93.53575387715928,
    93.53575387715928,
    93.53575387715928,
    93.53575387715928,
    93.53575387715928,
    93.53575387715928,
    93.53575387715928,
    93.53575387715928,
    93.53575387715928,
    93.53575387715928,
    93.53575387715928,
    93.53575387715928,
    93.53575387715928,
    93.53575387715928,
    93.53575387715928,
    93.53575387715928,
    93.53575387715928,
    93.53575387715928,
    93.53575387715928,
    93.53575387715928,
    93.53575387715928,
    93.53575387715928,
    93.53575387715928,
    93.80379082399328,
    93.80379082399328,
    93.80379082399328,
    93.80379082399328,
    93.80379082399328,
    93.80379082399328,
    93.80379082399328,
    93.80379082399328,
    93.80379082399328,
    93.10336127159346,
    93.10336127159346,
    93.10336127159346,
    93.10336127159346,
    93.10336127159346,
    93.10336127159346,
    93.10336127159346,
    93.10336127159346,
    93.10336127159346,
    93.10336127159346,
    93.10336127159346,
    93.10336127159346,
    93.10336127159346,
    93.10336127159346,
    93.10336127159346,
    93.10336127159346,
    93.10336127159346,
    93.10336127159346,
    93.10336127159346,
    93.10336127159346,
    93.10336127159346,
    93.10336127159346,
    93.10336127159346,
    93.1946482675603,
    93.1946482675603,
    93.1946482675603,
    93.1946482675603,
    93.1946482675603,
    93.1946482675603,
    93.51797271763012,
    93.51797271763012,
    94.03741532758221,
    94.03741532758221,
    94.03741532758221,
    94.03741532758221,
    94.03741532758221,
    94.03741532758221,
    94.03741532758221,
