{
  "equity": 94.89989564194089,
  "equity_curve": [
    93.1946482675603,
    93.51797271763012,
    93.51797271763012,
    94.03741532758221,
    94.03741532758221,
    94.03741532758221,
    94.03741532758221,
    94.03741532758221,
    94.03741532758221,
    94.03741532758221,
    94.03741532758221,
    94.03741532758221,
    94.03741532758221,
    94.03741532758221,
    94.03741532758221,
    94.03741532758221,
    94.03741532758221,
    94.03741532758221,
    95.00620918180407,
    95.00620918180407,
    95.00620918180407,
    95.00620918180407,
    95.00620918180407,
    95.00620918180407,
    95.00620918180407,
    95.00620918180407,
    95.00620918180407,
    95.00620918180407,
    95.00620918180407,
    95.00620918180407,
    95.00620918180407,
    95.00620918180407,
    95.00620918180407,
    95.00620918180407,
    94.349788959844,
    94.349788959844,
    94.349788959844,
    94.349788959844,
    94.349788959844,
    94.349788959844,
    94.349788959844,
    94.349788959844,
    94.349788959844,
    94.349788959844,
    94.349788959844,
    94.349788959844,
    94.349788959844,
    94.349788959844,
    94.349788959844,
    94.349788959844,
    94.349788959844,
    94.349788959844,
    94.349788959844,
    94.349788959844,
    94.349788959844,
    94.349788959844,
    94.349788959844,
    94.349788959844,
    94.349788959844,
    94.349788959844,
    94.349788959844,
    94.349788959844,
    94.349788959844,
    94.349788959844,
    94.349788959844,
    94.349788959844,
    94.349788959844,
    94.349788959844,
    94.349788959844,
    94.349788959844,
    94.349788959844,
    94.349788959844,
    94.349788959844,
    94.349788959844,
    94.349788959844,
    94.349788959844,
    94.349788959844,
    94.349788959844,
    94.349788959844,
    94.349788959844,
    94.349788959844,
    94.349788959844,
    94.349788959844,
    94.349788959844,
    94.349788959844,
    94.349788959844,
    94.349788959844,
    94.349788959844,
    94.349788959844,
    94.349788959844,
    94.349788959844,
    94.349788959844,
    94.349788959844,
    94.349788959844,
    94.349788959844,
    94.349788959844,
    94.349788959844,
    94.349788959844,
    94.349788959844,
    94.349788959844,
    94.349788959844,
    94.349788959844,
    94.349788959844,
    94.349788959844,
    94.349788959844,
    94.349788959844,
    94.349788959844,
    94.349788959844,
    94.349788959844,
    94.349788959844,
    94.349788959844,
    94.349788959844,
    94.349788959844,
    94.349788959844,
    94.349788959844,
    94.349788959844,
    94.349788959844,
    94.349788959844,
    94.349788959844,
    94.349788959844,
    94.349788959844,
    94.349788959844,
    94.349788959844,
    94.349788959844,
    94.349788959844,
    94.349788959844,
    94.349788959844,
    94.349788959844,
    95.05480596127163,
    95.05480596127163,
    95.05480596127163,
    95.05480596127163,
    95.05480596127163,
    95.05480596127163,
    95.05480596127163,
    95.05480596127163,
    95.05480596127163,
    95.05480596127163,
    95.05480596127163,
    95.17246279773808,
    95.17246279773808,
    95.17246279773808,
    95.17246279773808,
    94.96755535839438,
    94.96755535839438,
    94.96755535839438,
    94.96755535839438,
    94.96755535839438,
    94.96755535839438,
    94.96755535839438,
    94.96755535839438,
    94.96755535839438,
    94.96755535839438,
    94.96755535839438,
    94.96755535839438,
    94.96755535839438,
    94.96755535839438,
    94.96755535839438,
    94.96755535839438,
    94.96755535839438,
    94.96755535839438,
    94.96755535839438,
    94.96755535839438,
    94.75517894422914,
    94.75517894422914,
    94.55403305465344,
    94.55403305465344,
    94.55403305465344,
    94.55403305465344,
    94.55403305465344,
    94.55403305465344,
    94.55403305465344,
    94.89989564194089,
    94.89989564194089,
    94.89989564194089,
    94.89989564194089,
    94.89989564194089,
    94.89989564194089,
    94.89989564194089,
    94.89989564194089,
    94.89989564194089,
    94.89989564194089,
    94.89989564194089,
    94.89989564194089,
    94.89989564194089,
    94.89989564194089,
    94.89989564194089,
    94.89989564194089,
    94.89989564194089,
    94.89989564194089,
    94.89989564194089,
    94.89989564194089,
    94.89989564194089,
    94.89989564194089,
    94.89989564194089,
    94.89989564194089,
    94.89989564194089,
    94.89989564194089,
    94.89989564194089,
    94.89989564194089,
    94.89989564194089,
    94.89989564194089,
    94.89989564194089,
    94.89989564194089,
    94.89989564194089,
    94.89989564194089,
    94.89989564194089,
    94.89989564194089,
    94.89989564194089,
    94.89989564194089,
    94.89989564194089,
    94.89989564194089,
    94.89989564194089,
    94.89989564194089,
    94.89989564194089,
    94.89989564194089,
    94.89989564194089,
    94.89989564194089,
    94.89989564194089,
    94.89989564194089,
    94.89989564194089,
    94.89989564194089,
    94.89989564194089,
    94.89989564194089,
    94.89989564194089,
    94.89989564194089,
    94.89989564194089,
    94.89989564194089,
    94.89989564194089,
    94.89989564194089,
    94.89989564194089,
    94.89989564194089,
    94.89989564194089,
    94.89989564194089,
    94.89989564194089,
    94.89989564194089,
    94.89989564194089,
    94.89989564194089,
    94.89989564194089,
    94.89989564194089,
    94.89989564194089,
    94.89989564194089,
    94.89989564194089,
    94.89989564194089,
    94.89989564194089,
    94.89989564194089,
    94.89989564194089,
    94.89989564194089,
    94.89989564194089,
    94.89989564194089,
    94.89989564194089,
    94.89989564194089,
    94.89989564194089,
    94.89989564194089,
    94.89989564194089,
    94.89989564194089,
    94.89989564194089,
    94.89989564194089,
    94.89989564194089,
    94.89989564194089,
    94.89989564194089,
    94.89989564194089,
    94.89989564194089,
    94.89989564194089,
    94.89989564194089,
    94.89989564194089,
    94.89989564194089,
    94.89989564194089,
    94.89989564194089,
    94.89989564194089,
    94.89989564194089,
    94.89989564194089,
    94.89989564194089,
    94.89989564194089,
    94.89989564194089,
    94.89989564194089,
    94.89989564194089,
    94.89989564194089,
    94.89989564194089,
    94.89989564194089,
    94.89989564194089,
    94.89989564194089,
    94.89989564194089,
    94.89989564194089,
    94.89989564194089,
    94.89989564194089,
    94.89989564194089,
    94.89989564194089,
    94.89989564194089,
    94.89989564194089,
    94.89989564194089,
    94.89989564194089,
    94.89989564194089,
    94.89989564194089,
    94.89989564194089,
    94.89989564194089,
    94.89989564194089,
    94.89989564194089,
    94.89989564194089,
    94.89989564194089,
    94.89989564194089,
    94.89989564194089,
    94.89989564194089,
    94.89989564194089,
    94.89989564194089,
    94.89989564194089,
    94.89989564194089,
    94.89989564194089,
    94.89989564194089,
    94.89989564194089,
    94.89989564194089,
    94.89989564194089,
    94.89989564194089,
    94.89989564194089,
    94.89989564194089,
    94.89989564194089,
    94.89989564194089,
    94.89989564194089,
    94.89989564194089,
    94.89989564194089,
    94.89989564194089,
    94.89989564194089,
    94.89989564194089,
    94.89989564194089,
    94.89989564194089,
    94.89989564194089,
    94.89989564194089,
    94.89989564194089,
    94.89989564194089,
    94.89989564194089,
    94.89989564194089,
    94.89989564194089,
    94.89989564194089,
    94.89989564194089,
    94.89989564194089,
    94.89989564194089,
    94.89989564194089,
    94.89989564194089,
    94.89989564194089,
    94.89989564194089,
    94.89989564194089,
    94.89989564194089,
    94.89989564194089,
    94.89989564194089,
    94.89989564194089,
    94.89989564194089,
    94.89989564194089,
    94.89989564194089,
    94.89989564194089,
    94.89989564194089,
    94.89989564194089,
    94.89989564194089,
    94.89989564194089,
